edition,publication_date,source_id,document_url
7161,2026-01-17,LIMEIRA_JO_07161,https://ecrie.com.br/Sistema/Conteudos/DiarioOficial/upload/u_137_16012026163716.pdf
7162,2026-01-20,LIMEIRA_JO_07162,https://ecrie.com.br/Sistema/Conteudos/DiarioOficial/upload/u_137_19012026164920.pdf
7163,2026-01-21,LIMEIRA_JO_07163,https://ecrie.com.br/Sistema/Conteudos/DiarioOficial/upload/u_137_20012026164423.pdf
7164,2026-01-22,LIMEIRA_JO_07164,https://ecrie.com.br/Sistema/Conteudos/DiarioOficial/upload/u_137_21012026164544.pdf
7165,2026-01-23,LIMEIRA_JO_07165,https://ecrie.com.br/Sistema/Conteudos/DiarioOficial/upload/u_137_22012026180941.pdf
7166,2026-01-24,LIMEIRA_JO_07166,https://ecrie.com.br/Sistema/Conteudos/DiarioOficial/upload/u_137_23012026164718.pdf
7167,2026-01-27,LIMEIRA_JO_07167,https://ecrie.com.br/Sistema/Conteudos/DiarioOficial/upload/u_137_26012026164113.pdf
7168,2026-01-28,LIMEIRA_JO_07168,https://ecrie.com.br/Sistema/Conteudos/DiarioOficial/upload/u_137_27012026163638.pdf
7169,2026-01-29,LIMEIRA_JO_07169,https://ecrie.com.br/Sistema/Conteudos/DiarioOficial/upload/u_137_28012026163925.pdf
7170,2026-01-30,LIMEIRA_JO_07170,https://ecrie.com.br/Sistema/Conteudos/DiarioOficial/upload/u_137_29012026185449.pdf
7171,2026-01-30,LIMEIRA_JO_07171,https://ecrie.com.br/Sistema/Conteudos/DiarioOficial/upload/u_137_30012026162358.pdf
7172,2026-01-31,LIMEIRA_JO_07172,https://ecrie.com.br/Sistema/Conteudos/DiarioOficial/upload/u_137_30012026165256.pdf
7179,2026-02-11,LIMEIRA_JO_07179,https://ecrie.com.br/Sistema/Conteudos/DiarioOficial/upload/u_137_10022026170855.pdf
7180,2026-02-12,LIMEIRA_JO_07180,https://ecrie.com.br/Sistema/Conteudos/DiarioOficial/upload/u_137_13022026154922.pdf
7181,2026-02-13,LIMEIRA_JO_07181,https://ecrie.com.br/Sistema/Conteudos/DiarioOficial/upload/u_137_12022026170637.pdf
7182,2026-02-14,LIMEIRA_JO_07182,https://ecrie.com.br/Sistema/Conteudos/DiarioOficial/upload/u_137_13022026165503.pdf
7183,2026-02-19,LIMEIRA_JO_07183,https://ecrie.com.br/Sistema/Conteudos/DiarioOficial/upload/u_137_18022026164856.pdf
7184,2026-02-20,LIMEIRA_JO_07184,https://ecrie.com.br/Sistema/Conteudos/DiarioOficial/upload/u_137_19022026165013.pdf
7185,2026-02-21,LIMEIRA_JO_07185,https://ecrie.com.br/Sistema/Conteudos/DiarioOficial/upload/u_137_20022026170931.pdf
7186,2026-02-24,LIMEIRA_JO_07186,https://ecrie.com.br/Sistema/Conteudos/DiarioOficial/upload/u_137_23022026165622.pdf
7187,2026-02-25,LIMEIRA_JO_07187,https://ecrie.com.br/Sistema/Conteudos/DiarioOficial/upload/u_137_24022026171015.pdf
7188,2026-02-26,LIMEIRA_JO_07188,https://ecrie.com.br/Sistema/Conteudos/DiarioOficial/upload/u_137_25022026164849.pdf
7189,2026-02-27,LIMEIRA_JO_07189,https://ecrie.com.br/Sistema/Conteudos/DiarioOficial/upload/u_137_26022026170418.pdf
7190,2026-02-28,LIMEIRA_JO_07190,https://ecrie.com.br/Sistema/Conteudos/DiarioOficial/upload/u_137_27022026181428.pdf
7201,2026-03-14,LIMEIRA_JO_07201,https://ecrie.com.br/Sistema/Conteudos/DiarioOficial/upload/u_137_13032026165212.pdf
7202,2026-03-17,LIMEIRA_JO_07202,https://ecrie.com.br/Sistema/Conteudos/DiarioOficial/upload/u_137_16032026164818.pdf
7203,2026-03-18,LIMEIRA_JO_07203,https://ecrie.com.br/Sistema/Conteudos/DiarioOficial/upload/u_137_17032026164805.pdf
7204,2026-03-19,LIMEIRA_JO_07204,https://ecrie.com.br/Sistema/Conteudos/DiarioOficial/upload/u_137_18032026163112.pdf
7205,2026-03-20,LIMEIRA_JO_07205,https://ecrie.com.br/Sistema/Conteudos/DiarioOficial/upload/u_137_19032026183642.pdf
7206,2026-03-21,LIMEIRA_JO_07206,https://ecrie.com.br/Sistema/Conteudos/DiarioOficial/upload/u_137_20032026164728.pdf
7207,2026-03-24,LIMEIRA_JO_07207,https://ecrie.com.br/Sistema/Conteudos/DiarioOficial/upload/u_137_23032026165815.pdf
7208,2026-03-25,LIMEIRA_JO_07208,https://ecrie.com.br/Sistema/Conteudos/DiarioOficial/upload/u_137_24032026180152.pdf
7209,2026-03-26,LIMEIRA_JO_07209,https://ecrie.com.br/Sistema/Conteudos/DiarioOficial/upload/u_137_25032026171101.pdf
7210,2026-03-27,LIMEIRA_JO_07210,https://ecrie.com.br/Sistema/Conteudos/DiarioOficial/upload/u_137_26032026165705.pdf
7211,2026-03-28,LIMEIRA_JO_07211,https://ecrie.com.br/Sistema/Conteudos/DiarioOficial/upload/u_137_27032026212718.pdf
7212,2026-03-31,LIMEIRA_JO_07212,https://ecrie.com.br/Sistema/Conteudos/DiarioOficial/upload/u_137_30032026164910.pdf
7221,2026-04-13,LIMEIRA_JO_07221,https://ecrie.com.br/Sistema/Conteudos/DiarioOficial/upload/u_137_13042026152503.pdf
7222,2026-04-14,LIMEIRA_JO_07222,https://ecrie.com.br/Sistema/Conteudos/DiarioOficial/upload/u_137_13042026205053.pdf
7223,2026-04-15,LIMEIRA_JO_07223,https://ecrie.com.br/Sistema/Conteudos/DiarioOficial/upload/u_137_14042026165936.pdf
7224,2026-04-16,LIMEIRA_JO_07224,https://ecrie.com.br/Sistema/Conteudos/DiarioOficial/upload/u_137_15042026165629.pdf
7225,2026-04-17,LIMEIRA_JO_07225,https://ecrie.com.br/Sistema/Conteudos/DiarioOficial/upload/u_137_16042026165323.pdf
7226,2026-04-18,LIMEIRA_JO_07226,https://ecrie.com.br/Sistema/Conteudos/DiarioOficial/upload/u_137_17042026165533.pdf
7227,2026-04-23,LIMEIRA_JO_07227,https://ecrie.com.br/Sistema/Conteudos/DiarioOficial/upload/u_137_22042026171640.pdf
7228,2026-04-24,LIMEIRA_JO_07228,https://ecrie.com.br/Sistema/Conteudos/DiarioOficial/upload/u_137_23042026213746.pdf
7229,2026-04-25,LIMEIRA_JO_07229,https://ecrie.com.br/Sistema/Conteudos/DiarioOficial/upload/u_137_24042026170017.pdf
7230,2026-04-28,LIMEIRA_JO_07230,https://ecrie.com.br/Sistema/Conteudos/DiarioOficial/upload/u_137_27042026165543.pdf
7231,2026-04-29,LIMEIRA_JO_07231,https://ecrie.com.br/Sistema/Conteudos/DiarioOficial/upload/u_137_28042026191256.pdf
7232,2026-04-30,LIMEIRA_JO_07232,https://ecrie.com.br/Sistema/Conteudos/DiarioOficial/upload/u_137_29042026213932.pdf
7242,2026-05-15,LIMEIRA_JO_07242,https://ecrie.com.br/Sistema/Conteudos/DiarioOficial/upload/u_137_14052026204226.pdf
7243,2026-05-16,LIMEIRA_JO_07243,https://ecrie.com.br/Sistema/Conteudos/DiarioOficial/upload/u_137_15052026170037.pdf
7244,2026-05-19,LIMEIRA_JO_07244,https://ecrie.com.br/Sistema/Conteudos/DiarioOficial/upload/u_137_18052026165408.pdf
7245,2026-05-20,LIMEIRA_JO_07245,https://ecrie.com.br/Sistema/Conteudos/DiarioOficial/upload/u_137_19052026165538.pdf
7246,2026-05-21,LIMEIRA_JO_07246,https://ecrie.com.br/Sistema/Conteudos/DiarioOficial/upload/u_137_20052026170333.pdf
7247,2026-05-22,LIMEIRA_JO_07247,https://ecrie.com.br/Sistema/Conteudos/DiarioOficial/upload/u_137_21052026204414.pdf
7248,2026-05-23,LIMEIRA_JO_07248,https://ecrie.com.br/Sistema/Conteudos/DiarioOficial/upload/u_137_22052026214313.pdf
7249,2026-05-26,LIMEIRA_JO_07249,https://ecrie.com.br/Sistema/Conteudos/DiarioOficial/upload/u_137_25052026190245.pdf
7250,2026-05-27,LIMEIRA_JO_07250,https://ecrie.com.br/Sistema/Conteudos/DiarioOficial/upload/u_137_26052026165645.pdf
7251,2026-05-28,LIMEIRA_JO_07251,https://ecrie.com.br/Sistema/Conteudos/DiarioOficial/upload/u_137_27052026165914.pdf
7252,2026-05-29,LIMEIRA_JO_07252,https://ecrie.com.br/Sistema/Conteudos/DiarioOficial/upload/u_137_28052026182833.pdf
7253,2026-05-30,LIMEIRA_JO_07253,https://ecrie.com.br/Sistema/Conteudos/DiarioOficial/upload/u_137_29052026170754.pdf
7262,2026-06-13,LIMEIRA_JO_07262,https://ecrie.com.br/Sistema/Conteudos/DiarioOficial/upload/u_137_12062026165249.pdf
7263,2026-06-16,LIMEIRA_JO_07263,https://ecrie.com.br/Sistema/Conteudos/DiarioOficial/upload/u_137_15062026181556.pdf
7264,2026-06-17,LIMEIRA_JO_07264,https://ecrie.com.br/Sistema/Conteudos/DiarioOficial/upload/u_137_16062026165115.pdf
7265,2026-06-18,LIMEIRA_JO_07265,https://ecrie.com.br/Sistema/Conteudos/DiarioOficial/upload/u_137_17062026164426.pdf
7266,2026-06-19,LIMEIRA_JO_07266,https://ecrie.com.br/Sistema/Conteudos/DiarioOficial/upload/u_137_18062026165756.pdf
7267,2026-06-20,LIMEIRA_JO_07267,https://ecrie.com.br/Sistema/Conteudos/DiarioOficial/upload/u_137_19062026170411.pdf
7268,2026-06-23,LIMEIRA_JO_07268,https://ecrie.com.br/Sistema/Conteudos/DiarioOficial/upload/u_137_22062026170735.pdf
7269,2026-06-24,LIMEIRA_JO_07269,https://ecrie.com.br/Sistema/Conteudos/DiarioOficial/upload/u_137_23062026170055.pdf
7270,2026-06-25,LIMEIRA_JO_07270,https://ecrie.com.br/Sistema/Conteudos/DiarioOficial/upload/u_137_24062026170131.pdf
7271,2026-06-26,LIMEIRA_JO_07271,https://ecrie.com.br/Sistema/Conteudos/DiarioOficial/upload/u_137_25062026173303.pdf
7272,2026-06-27,LIMEIRA_JO_07272,https://ecrie.com.br/Sistema/Conteudos/DiarioOficial/upload/u_137_26062026170145.pdf
7273,2026-06-30,LIMEIRA_JO_07273,https://ecrie.com.br/Sistema/Conteudos/DiarioOficial/upload/u_137_29062026120829.pdf
7283,2026-07-16,LIMEIRA_JO_07283,https://ecrie.com.br/Sistema/Conteudos/DiarioOficial/upload/u_137_16072026083031.pdf
7284,2026-07-17,LIMEIRA_JO_07284,https://ecrie.com.br/Sistema/Conteudos/DiarioOficial/upload/u_137_16072026172651.pdf
7287,2026-07-22,LIMEIRA_JO_07287,https://ecrie.com.br/Sistema/Conteudos/DiarioOficial/upload/u_137_21072026165841.pdf
7288,2026-07-23,LIMEIRA_JO_07288,https://ecrie.com.br/Sistema/Conteudos/DiarioOficial/upload/u_137_22072026170010.pdf
7289,2026-07-24,LIMEIRA_JO_07289,https://ecrie.com.br/Sistema/Conteudos/DiarioOficial/upload/u_137_23072026165854.pdf
7290,2026-07-25,LIMEIRA_JO_07290,https://ecrie.com.br/Sistema/Conteudos/DiarioOficial/upload/u_137_24072026165752.pdf
7291,2026-07-28,LIMEIRA_JO_07291,https://ecrie.com.br/Sistema/Conteudos/DiarioOficial/upload/u_137_27072026183949.pdf
7292,2026-07-29,LIMEIRA_JO_07292,https://ecrie.com.br/Sistema/Conteudos/DiarioOficial/upload/u_137_28072026164601.pdf
7293,2026-07-30,LIMEIRA_JO_07293,https://ecrie.com.br/Sistema/Conteudos/DiarioOficial/upload/u_137_29072026164423.pdf
7294,2026-07-31,LIMEIRA_JO_07294,https://ecrie.com.br/Sistema/Conteudos/DiarioOficial/upload/u_137_30072026170335.pdf
7316,2026-09-01,LIMEIRA_JO_07316,https://ecrie.com.br/Sistema/Conteudos/DiarioOficial/upload/u_137_31082026165329.pdf
7317,2026-09-02,LIMEIRA_JO_07317,https://ecrie.com.br/Sistema/Conteudos/DiarioOficial/upload/u_137_01092026164049.pdf
7318,2026-09-03,LIMEIRA_JO_07318,https://ecrie.com.br/Sistema/Conteudos/DiarioOficial/upload/u_137_02092026164717.pdf
7319,2026-09-04,LIMEIRA_JO_07319,https://ecrie.com.br/Sistema/Conteudos/DiarioOficial/upload/u_137_03092026201301.pdf
7320,2026-09-05,LIMEIRA_JO_07320,https://ecrie.com.br/Sistema/Conteudos/DiarioOficial/upload/u_137_04092026165229.pdf
