codigo_inep,unidade,ibge_sector_code_2022,sector_population_2022,responsible_income_mean_nominal_monthly_brl,responsible_income_median_nominal_monthly_brl,V06004_sector_percentile_unweighted,match_tier,match_method
35295061,"CEIEF Arlindo de Salvo, Prof.",352690205000638,510,3083.96,2500,60.7,A,A_CIE_INEP_PLUS_EXACT_CURRENT_SME_ADDRESS_TO_UNIQUE_CNEFE_SECTOR
35217888,"CEIEF Deovaldo Teixeira de Carvalho, Prof.",352690205000458,71,3384.83,3000,70.1,B,B_SAME_STREET_NAMED_CNEFE_SCHOOL_NUMBER_MISSING
35208401,"CEIEF Flora de Castro Rodrigues, Profa.",352690205000008,206,5796.24,5000,90.5,A,A_CIE_INEP_PLUS_EXACT_CURRENT_SME_ADDRESS_TO_UNIQUE_CNEFE_SECTOR
35349161,"CEIEF Jamile Caram de Souza Dias, Profa.",352690205000454,511,3568.67,3000,74.0,A,A_CIE_INEP_PLUS_EXACT_CURRENT_SME_ADDRESS_TO_UNIQUE_CNEFE_SECTOR
35660103,"CEIEF Maria Paulina Rodrigues Provinciatto, Profa.",352690205000218,573,1836.21,1670,7.5,A,A_CIE_INEP_PLUS_EXACT_CURRENT_SME_ADDRESS_TO_UNIQUE_CNEFE_SECTOR
35276224,"CEIEF Mario Covas, Governador",352690205000751,478,1847.56,1500,8.2,B,B_SAME_STREET_NAMED_CNEFE_SCHOOL_NUMBER_MISSING
35082569,"EMEIEF Aldo José Kuhl, Prof.",352690205000177,438,2438.62,2000,33.8,A,A_CIE_INEP_PLUS_EXACT_CURRENT_SME_ADDRESS_TO_UNIQUE_CNEFE_SECTOR
35217852,EMEIEF Aracy Nogueira Guimarães,352690205000269,643,2803.14,2500,49.4,A,A_CIE_INEP_PLUS_EXACT_CURRENT_SME_ADDRESS_TO_UNIQUE_CNEFE_SECTOR
35080640,"EMEIEF Benedicta de Toledo, Profa.",352690205000715,348,2330.82,2000,28.3,B,B_SAME_STREET_NAMED_CNEFE_SCHOOL_NUMBER_MISSING
35208413,"EMEIEF Cassiana Maria Soares Lenci, Profa.",352690205000712,465,2028.88,1800,14.6,A,A_CIE_INEP_PLUS_EXACT_CURRENT_SME_ADDRESS_TO_UNIQUE_CNEFE_SECTOR
35217876,"EMEIEF Clara Monzoni Lang, Profa.",352690205000769,753,3559.11,3000,73.4,B,B_SME_SN_CNEFE_ZERO_SAME_STREET_NAMED_SCHOOL
35208395,"EMEIEF Creso Assumpção Coimbra, Prof.",352690205000182,473,2589.96,2000,40.5,A,A_CIE_INEP_PLUS_EXACT_CURRENT_SME_ADDRESS_TO_UNIQUE_CNEFE_SECTOR
35241878,"EMEIEF Egle Maria Ciarrochi, Profa.",352690205000282,524,3053.71,2000,59.6,A,A_CIE_INEP_PLUS_EXACT_CURRENT_SME_ADDRESS_TO_UNIQUE_CNEFE_SECTOR
35128016,"EMEIEF Evangelina Mauro, Profa.",352690205000365,672,2719.94,2400,46.5,B,B_SAME_STREET_NAMED_CNEFE_SCHOOL_NUMBER_MISSING
35278324,"EMEIEF José Carvalho Ferreira, Dr.",352690205000541,326,2121.94,1550,18.2,A,A_CIE_INEP_PLUS_EXACT_CURRENT_SME_ADDRESS_TO_UNIQUE_CNEFE_SECTOR
35249841,"EMEIEF José Justino Castilho, Prof.",352690205000423,567,2344.26,2000,29.2,A,A_CIE_INEP_PLUS_EXACT_CURRENT_SME_ADDRESS_TO_UNIQUE_CNEFE_SECTOR
35074962,"EMEIEF José Paulino Araújo Vargas, Prof.",352690205000200,490,2202.96,2000,21.3,B,B_SME_SN_CNEFE_ZERO_SAME_STREET_NAMED_SCHOOL
35218017,"EMEIEF José Roberto Braz, Prof.",352690205000609,304,2901.25,2500,53.2,A,A_CIE_INEP_PLUS_EXACT_CURRENT_SME_ADDRESS_TO_UNIQUE_CNEFE_SECTOR
35217897,"EMEIEF Laércio Corte, Deputado",352690205000144,446,2115.83,2000,17.5,A,A_CIE_INEP_PLUS_EXACT_CURRENT_SME_ADDRESS_TO_UNIQUE_CNEFE_SECTOR
35222112,EMEIEF Limeira,352690205000019,209,3648.2,3000,75.6,A,A_CIE_INEP_PLUS_EXACT_CURRENT_SME_ADDRESS_TO_UNIQUE_CNEFE_SECTOR
35270830,"EMEIEF Márcia Aparecida Della Coletta Sillmann, Profa.",352690205000327,550,1979.51,1600,12.8,A,A_CIE_INEP_PLUS_EXACT_CURRENT_SME_ADDRESS_TO_UNIQUE_CNEFE_SECTOR
35222094,"EMEIEF Maria Aparecida de Luca Moore, Profa.",352690205000700,394,2832.73,2200,50.8,B,B_SAME_STREET_NAMED_CNEFE_SCHOOL_NUMBER_MISSING
35233122,"EMEIEF Maria Aparecida Degaspare, Profa.",352690205000278,373,2285.42,1850,25.8,A,A_CIE_INEP_PLUS_EXACT_CURRENT_SME_ADDRESS_TO_UNIQUE_CNEFE_SECTOR
35068299,EMEIEF Maria Aparecida Machado Julianelli,352690205000567,57,1740.24,1212,4.9,A,A_CIE_INEP_PLUS_EXACT_CURRENT_SME_ADDRESS_TO_UNIQUE_CNEFE_SECTOR
35246086,"EMEIEF Maria Madalena Vasconcellos da Silva, Profa.",352690205000839,553,2905.06,2350,53.8,A,A_CIE_INEP_PLUS_EXACT_CURRENT_SME_ADDRESS_TO_UNIQUE_CNEFE_SECTOR
35217906,EMEIEF Maria Thereza Silveira de Barros Camargo,352690205000563,344,2836.03,2200,51.0,A,A_CIE_INEP_PLUS_EXACT_CURRENT_SME_ADDRESS_TO_UNIQUE_CNEFE_SECTOR
35217918,EMEIEF Mario de Souza Queiroz Filho,352690205000150,526,1877.15,1300,9.1,A,A_CIE_INEP_PLUS_EXACT_CURRENT_SME_ADDRESS_TO_UNIQUE_CNEFE_SECTOR
35083690,"EMEIEF Mauro Sérgio Vieira, Vereador",352690205000546,281,3292.22,2716,67.4,A,A_CIE_INEP_PLUS_EXACT_CURRENT_SME_ADDRESS_TO_UNIQUE_CNEFE_SECTOR
35415613,"EMEIEF Nestor Martins Lino, Prof.",352690205000031,387,2786.24,2000,48.7,A,A_CIE_INEP_PLUS_EXACT_CURRENT_SME_ADDRESS_TO_UNIQUE_CNEFE_SECTOR
35222100,"EMEIEF Noedir Tadeu Santini, Prof.",352690205000300,697,2313.69,1950,27.3,B,B_SAME_STREET_NAMED_CNEFE_SCHOOL_NUMBER_MISSING
35248514,EMEIEF Prada,352690205000011,210,6944.33,5000,93.5,A,A_CIE_INEP_PLUS_EXACT_CURRENT_SME_ADDRESS_TO_UNIQUE_CNEFE_SECTOR
35243620,"EMEIEF Waldemar Lucato, Dr.",352690205000439,395,2726.96,2000,46.7,A,A_CIE_INEP_PLUS_EXACT_CURRENT_SME_ADDRESS_TO_UNIQUE_CNEFE_SECTOR
35448047,"CI Aldelena Baraldi Fonseca Santos, Profa.",352690205000269,643,2803.14,2500,49.4,B,B_SAME_STREET_NAMED_CNEFE_SCHOOL_NUMBER_MISSING
35204936,CI Carolina Guilhermina Schnoor Bohianza,352690205000567,57,1740.24,1212,4.9,A,A_CIE_INEP_PLUS_EXACT_CURRENT_SME_ADDRESS_TO_UNIQUE_CNEFE_SECTOR
35204924,CI Caroline Pardo Campos Freire,352690205000271,836,2838.7,2200,51.1,B,B_SAME_STREET_NAMED_CNEFE_SCHOOL_NUMBER_MISSING
35462445,"CI Célia Regina Sciarra, Profa.",352690205000615,305,3071.73,2400,60.2,B,B_SAME_STREET_NAMED_CNEFE_SCHOOL_NUMBER_MISSING
35060525,"EMEI Célio Sampaio Silva, Prof.",352690205000071,666,4029.91,3000,80.9,A,A_CIE_INEP_PLUS_EXACT_CURRENT_SME_ADDRESS_TO_UNIQUE_CNEFE_SECTOR
35006372,CI Jonas Pereira Britto,352690205000444,613,3511.54,2800,72.3,A,A_CIE_INEP_PLUS_EXACT_CURRENT_SME_ADDRESS_TO_UNIQUE_CNEFE_SECTOR
35470624,CI Claudinor José Cardoso Jr.,352690205000880,512,3459.04,2500,71.4,A,A_CIE_INEP_PLUS_EXACT_CURRENT_SME_ADDRESS_TO_UNIQUE_CNEFE_SECTOR
35275050,CI Dinah Bertolini de Moraes,352690205000247,657,2438.95,2000,34.1,B,B_SAME_STREET_NAMED_CNEFE_SCHOOL_NUMBER_MISSING
35084888,CI Fábio Franco de Oliveira,352690205000145,404,2014.4,1800,14.1,A,A_CIE_INEP_PLUS_EXACT_CURRENT_SME_ADDRESS_TO_UNIQUE_CNEFE_SECTOR
35090931,CI Irene Gomes Bortolan,352690205000203,472,1535.14,1280,2.8,B,B_SAME_STREET_NAMED_CNEFE_SCHOOL_NUMBER_MISSING
35204948,CI João Ari Cason,352690205000283,615,3854.21,2000,78.8,A,A_CIE_INEP_PLUS_EXACT_CURRENT_SME_ADDRESS_TO_UNIQUE_CNEFE_SECTOR
35084840,CI José Eduardo Voigt Sampaio,352690205000536,449,2457.64,2000,34.8,B,B_CURRENT_SANTA_LUCIA_CNEFE_LUCIA_NAMED_SCHOOL_NUMBER_MISSING
35084876,CI José Reinaldo Ribeiro Brugnaro,352690205000864,348,3112.48,2500,62.1,C,C_SME_FORMAT_ANOMALY_FLEMING_JARDIM_BRASIL_220_RECONCILED_CNEFE
35084864,CI Lia Maura Mattos Silveira,352690205000073,465,2619.74,2000,42.1,A,A_CIE_INEP_PLUS_EXACT_CURRENT_SME_ADDRESS_TO_UNIQUE_CNEFE_SECTOR
35435200,"CI Lucilia Ramos da Silva Forster, Profa.",352690205000011,210,6944.33,5000,93.5,A,A_CIE_INEP_PLUS_EXACT_CURRENT_SME_ADDRESS_TO_UNIQUE_CNEFE_SECTOR
35204959,CI Lucinda Tank Kuhl,352690205000300,697,2313.69,1950,27.3,B,B_SAME_STREET_NAMED_CNEFE_SCHOOL_NUMBER_MISSING
35462433,"CI Márcia Helena Baldove Bettoni, Profa.",352690205000862,816,2789.15,2100,49.0,A,A_CIE_INEP_PLUS_EXACT_CURRENT_SME_ADDRESS_TO_UNIQUE_CNEFE_SECTOR
35092411,"CI Maria José de Jesus Silva, Irmã",352690205000712,465,2028.88,1800,14.6,A,A_CIE_INEP_PLUS_EXACT_CURRENT_SME_ADDRESS_TO_UNIQUE_CNEFE_SECTOR
35060513,"EMEI Maria Wilma Buck Bertaia, Profa.",352690205000024,458,3862.94,3001,79.1,A,A_CIE_INEP_PLUS_EXACT_CURRENT_SME_ADDRESS_TO_UNIQUE_CNEFE_SECTOR
35449350,"CI Mariana Seleghin Pereira, Profa.",352690205000068,348,2135.57,1500,19.1,A,A_CIE_INEP_PLUS_EXACT_CURRENT_SME_ADDRESS_TO_UNIQUE_CNEFE_SECTOR
35660097,"EMEI Mercedes Stuchi Duarte de Mattos, Profa.",352690205000571,664,2861.28,2500,51.5,A,A_CIE_INEP_PLUS_EXACT_CURRENT_SME_ADDRESS_TO_UNIQUE_CNEFE_SECTOR
35084852,CI Murilo Lemos Mendes da Silva,352690205000012,342,4217.42,2850,82.5,A,A_CIE_INEP_PLUS_EXACT_CURRENT_SME_ADDRESS_TO_UNIQUE_CNEFE_SECTOR
35089084,CI Orlanda Grisi Rocco,352690205000407,367,3182.15,2500,63.9,A,A_CIE_INEP_PLUS_EXACT_CURRENT_SME_ADDRESS_TO_UNIQUE_CNEFE_SECTOR
35084897,CI Stella Regina Furlan,352690205000637,448,4924.7,3200,87.3,A,A_CIE_INEP_PLUS_EXACT_CURRENT_SME_ADDRESS_TO_UNIQUE_CNEFE_SECTOR
35004274,"CI Waldimir Jorge Schinor, Vereador",352690205000430,548,2246.72,1800,24.8,A,A_CIE_INEP_PLUS_EXACT_CURRENT_SME_ADDRESS_TO_UNIQUE_CNEFE_SECTOR
